{
  "timestamp": "2026-01-04T21:30:06.548071",
  "device": "cuda",
  "pytorch_version": "2.5.1+cu121",
  "cuda_available": true,
  "benchmarks": [
    {
      "name": "Simple loop",
      "iterations": 10,
      "code_length": 47,
      "times": {
        "mean_ms": 26.346747000070536,
        "median_ms": 26.200114499943084,
        "min_ms": 25.377633000061905,
        "max_ms": 29.089067000313662,
        "stdev_ms": 1.0421180602486895,
        "p95_ms": 29.089067000313662,
        "p99_ms": 29.089067000313662
      },
      "components": {
        "classification_ms": {
          "mean_ms": 26.126536599940664,
          "min_ms": 25.187151999944035,
          "max_ms": 27.422802000273805
        },
        "generation_ms": {
          "mean_ms": 0,
          "min_ms": 0,
          "max_ms": 0
        },
        "formatting_ms": {
          "mean_ms": 0,
          "min_ms": 0,
          "max_ms": 0
        },
        "total_ms": {
          "mean_ms": 26.126536599940664,
          "min_ms": 25.187151999944035,
          "max_ms": 27.422802000273805
        }
      },
      "throughput": {
        "iterations_per_second": 37.95534985770056,
        "ms_per_iteration": 26.346747000070536
      }
    },
    {
      "name": "Reduction",
      "iterations": 10,
      "code_length": 52,
      "times": {
        "mean_ms": 699.7852313001204,
        "median_ms": 702.5960220000798,
        "min_ms": 692.6843819996975,
        "max_ms": 705.6696480003666,
        "stdev_ms": 5.741863087925012,
        "p95_ms": 705.6696480003666,
        "p99_ms": 705.6696480003666
      },
      "components": {
        "classification_ms": {
          "mean_ms": 22.515636200023437,
          "min_ms": 22.091381000336696,
          "max_ms": 22.95548099982625
        },
        "generation_ms": {
          "mean_ms": 677.9216763999557,
          "min_ms": 670.1939829999901,
          "max_ms": 684.8718330002157
        },
        "formatting_ms": {
          "mean_ms": 0.008067899989327998,
          "min_ms": 0.007547000222984934,
          "max_ms": 0.008869000339473132
        },
        "total_ms": {
          "mean_ms": 700.4453804999685,
          "min_ms": 692.5140749999628,
          "max_ms": 707.4580280000191
        }
      },
      "throughput": {
        "iterations_per_second": 1.4290098665587943,
        "ms_per_iteration": 699.7852313001204
      }
    },
    {
      "name": "Array copy",
      "iterations": 10,
      "code_length": 53,
      "times": {
        "mean_ms": 652.8426885999579,
        "median_ms": 652.8149670000403,
        "min_ms": 649.8845899996013,
        "max_ms": 655.4197469999963,
        "stdev_ms": 1.9008406873309502,
        "p95_ms": 655.4197469999963,
        "p99_ms": 655.4197469999963
      },
      "components": {
        "classification_ms": {
          "mean_ms": 22.803488999988986,
          "min_ms": 22.532879000209505,
          "max_ms": 23.14357499972175
        },
        "generation_ms": {
          "mean_ms": 629.9451179999778,
          "min_ms": 626.2953069999639,
          "max_ms": 632.943006000005
        },
        "formatting_ms": {
          "mean_ms": 0.006995299872869509,
          "min_ms": 0.0062549997892347164,
          "max_ms": 0.00857699978951132
        },
        "total_ms": {
          "mean_ms": 652.7556022998397,
          "min_ms": 648.8344459999098,
          "max_ms": 655.838376999327
        }
      },
      "throughput": {
        "iterations_per_second": 1.5317625784314628,
        "ms_per_iteration": 652.8426885999579
      }
    },
    {
      "name": "Element-wise",
      "iterations": 10,
      "code_length": 60,
      "times": {
        "mean_ms": 563.9939608000986,
        "median_ms": 563.3041705000323,
        "min_ms": 561.479748000238,
        "max_ms": 569.9598700002753,
        "stdev_ms": 2.4191592427807076,
        "p95_ms": 569.9598700002753,
        "p99_ms": 569.9598700002753
      },
      "components": {
        "classification_ms": {
          "mean_ms": 23.075130300094315,
          "min_ms": 22.57338500021433,
          "max_ms": 25.6781170000977
        },
        "generation_ms": {
          "mean_ms": 541.122651500018,
          "min_ms": 540.0691929999084,
          "max_ms": 543.7861059999705
        },
        "formatting_ms": {
          "mean_ms": 0.008075300092968973,
          "min_ms": 0.006389000191120431,
          "max_ms": 0.01827000005505397
        },
        "total_ms": {
          "mean_ms": 564.2058571002053,
          "min_ms": 562.7499659999557,
          "max_ms": 567.4428640004407
        }
      },
      "throughput": {
        "iterations_per_second": 1.7730686310565633,
        "ms_per_iteration": 563.9939608000986
      }
    }
  ],
  "initialization_time_ms": 4716.732664999654,
  "batch_benchmark": {
    "batch_size": 4,
    "successful": 4,
    "total_time_ms": 1219.1317389997494,
    "avg_time_per_item_ms": 304.78293474993734,
    "throughput_items_per_second": 3.2810235941210473
  }
}