{
  "timestamp": "2026-01-05T00:13:34.321593",
  "device": "cuda",
  "pytorch_version": "2.5.1+cu121",
  "cuda_available": true,
  "benchmarks": [
    {
      "name": "Simple loop",
      "iterations": 5,
      "code_length": 47,
      "times": {
        "mean_ms": 26.46438699975988,
        "median_ms": 26.374461999694176,
        "min_ms": 25.722729999870353,
        "max_ms": 27.531247999831976,
        "stdev_ms": 0.7540498530215605,
        "p95_ms": 27.531247999831976,
        "p99_ms": 27.531247999831976
      },
      "components": {
        "classification_ms": {
          "mean_ms": 26.76739879989327,
          "min_ms": 26.13372399991931,
          "max_ms": 27.62663299927226
        },
        "generation_ms": {
          "mean_ms": 0,
          "min_ms": 0,
          "max_ms": 0
        },
        "formatting_ms": {
          "mean_ms": 0,
          "min_ms": 0,
          "max_ms": 0
        },
        "total_ms": {
          "mean_ms": 26.76739879989327,
          "min_ms": 26.13372399991931,
          "max_ms": 27.62663299927226
        }
      },
      "throughput": {
        "iterations_per_second": 37.786630009947835,
        "ms_per_iteration": 26.46438699975988
      }
    }
  ],
  "initialization_time_ms": 3347.5914319997173,
  "batch_benchmark": {
    "batch_size": 4,
    "successful": 0,
    "total_time_ms": 2.4940439998317743,
    "avg_time_per_item_ms": 0,
    "throughput_items_per_second": 0.0
  }
}